PNU,JIBUN,BCHK,SGG_OID,COL_ADM_SE,F_SHIM,F_AREA,ADM_CD,F_YR,F_ZONE_NM,F_ZONE_NM2,TYPE,F_DISA_NM,F_AVR_HGT,F_SAT_YMD,F_END_YMD,F_SAT_TM,F_END_TM,F_RSN_DTL,INV_YR,layer,path,geometry
"1174010100103520012","352-12대","1","97914","11740","0.01","103.69","1174010100","2024","강동구 명일동 352-12","강동구 양재대로122가길 80","주택","7. 8.~7. 19. 호우","21.0587957","20240717","20240717","1","24","내수침수","2024","FL_CHIMWL_강동구_0708_0719","D:/김원상/침수흔적도/2024_침수흔적도_최종/강동구_0708_0719/FL_CHIMWL_강동구_0708_0719.shp","{""type"":""Polygon"",""coordinates"":[[[212700.8825610534,549567.2911631138],[212713.34352054392,549563.5943956146],[212709.891736746,549551.9994338264],[212695.4077839016,549556.292163616],[212698.2446055871,549565.8601318958],[212700.8825610534,549567.2911631138]]]}"
"1174010200101510001","151-1대","1","100052","11740","0.01","117.65","1174010200","2024","강동구 고덕동 151-1","강동구 고덕로79길 122","주택","7. 8.~7. 19. 호우","28.57059074","20240717","20240717","1","24","내수침수","2024","FL_CHIMWL_강동구_0708_0719","D:/김원상/침수흔적도/2024_침수흔적도_최종/강동구_0708_0719/FL_CHIMWL_강동구_0708_0719.shp","{""type"":""Polygon"",""coordinates"":[[[214677.28692907505,551392.8784510161],[214675.3451315472,551381.398512794],[214674.79918867245,551378.1585302663],[214662.21725037217,551380.6083055885],[214664.75099123307,551395.2772275015],[214677.28692907505,551392.8784510161]]]}"
"1174010200101670002","167-2대","1","98635","11740","0.01","88.56","1174010200","2024","강동구 고덕동 167-2","강동구 상일로25길 8-13","주택","7. 8.~7. 19. 호우","22.19813896","20240717","20240717","1","24","내수침수","2024","FL_CHIMWL_강동구_0708_0719","D:/김원상/침수흔적도/2024_침수흔적도_최종/강동구_0708_0719/FL_CHIMWL_강동구_0708_0719.shp","{""type"":""Polygon"",""coordinates"":[[[214946.6950316999,551375.8529739714],[214955.1049796138,551374.8831187353],[214958.584960477,551374.3331798473],[214954.66524711982,551358.6632434796],[214954.58525297287,551358.3432447806],[214944.8753181531,551359.1530801598],[214946.6950316999,551375.8529739714]]]}"
"1174010200102590004","259-4대","1","101035","11740","0.01","87.84","1174010200","2024","강동구 고덕동 259-4","강동구 아리수로74길 35-12","주택","7. 8.~7. 19. 호우","31.42788292","20240717","20240717","1","24","내수침수","2024","FL_CHIMWL_강동구_0708_0719","D:/김원상/침수흔적도/2024_침수흔적도_최종/강동구_0708_0719/FL_CHIMWL_강동구_0708_0719.shp","{""type"":""Polygon"",""coordinates"":[[[214257.27185664693,551298.4223851459],[214259.7018401173,551298.2324262222],[214262.1218246464,551297.9824676284],[214264.53181022944,551297.6725093615],[214266.52179920577,551297.3625442577],[214263.47310824244,551279.8786369055],[214254.7821355667,551282.5124740815],[214254.61187721574,551298.4783414142],[214257.27185664693,551298.4223851459]]]}"
"1174010500103200013","320-13대","1","104106","11740","0.01","85.26","1174010500","2024","강동구 길동 320-13","강동구 양재대로122가길 55","주택","7. 8.~7. 19. 호우","20.64363075","20240717","20240717","1","24","내수침수","2024","FL_CHIMWL_강동구_0708_0719","D:/김원상/침수흔적도/2024_침수흔적도_최종/강동구_0708_0719/FL_CHIMWL_강동구_0708_0719.shp","{""type"":""Polygon"",""coordinates"":[[[212658.9737310267,549454.5213993222],[212656.59488049024,549446.5014258956],[212638.7649384675,549451.7900932488],[212641.14478898287,549459.8110666844],[212658.9737310267,549454.5213993222]]]}"
"1174010700105130010","513-10대","1","127697","11740","0.01","30.15","1174010700","2024","강동구 암사동 513-10","강동구 상암로6길 40","주택","7. 8.~7. 19. 호우","16.7187841","20240717","20240717","1","24","내수침수","2024","FL_CHIMWL_강동구_0708_0719","D:/김원상/침수흔적도/2024_침수흔적도_최종/강동구_0708_0719/FL_CHIMWL_강동구_0708_0719.shp","{""type"":""Polygon"",""coordinates"":[[[211154.8395052464,549908.6032765225],[211164.54747205213,549905.8144568552],[211162.30462102464,549897.7544860865],[211146.47467446793,549902.3441916981],[211148.59952649847,549910.4011605678],[211154.8395052464,549908.6032765225]]]}"
"1174010700104580008","458-8대","1","106632","11740","0.01","34.09","1174010700","2024","강동구 암사동 458-8","강동구 고덕로20길 14-14","주택","7. 8.~7. 19. 호우","27.34058548","20240717","20240717","1","24","내수침수","2024","FL_CHIMWL_강동구_0708_0719","D:/김원상/침수흔적도/2024_침수흔적도_최종/강동구_0708_0719/FL_CHIMWL_강동구_0708_0719.shp","{""type"":""Polygon"",""coordinates"":[[[211768.1942035882,550545.5880488891],[211768.7741712894,550547.2880444621],[211779.03513803863,550544.2282360749],[211778.24419137358,550541.3382467671],[211775.64236682918,550531.8312819448],[211766.42339371605,550534.764108297],[211769.65419828365,550545.1880758648],[211768.1942035882,550545.5880488891]]]}"
"1174010700104490020","449-20대","1","108670","11740","0.01","111.95","1174010700","2024","강동구 암사동 449-20","강동구 아리수로 66","주택","7. 8.~7. 19. 호우","20.30203606","20240717","20240717","1","24","내수침수","2024","FL_CHIMWL_강동구_0708_0719","D:/김원상/침수흔적도/2024_침수흔적도_최종/강동구_0708_0719/FL_CHIMWL_강동구_0708_0719.shp","{""type"":""Polygon"",""coordinates"":[[[212108.13794353162,550823.327309429],[212120.29578275708,550827.1734756515],[212120.2780999189,550807.6616343074],[212120.26727742687,550796.741723084],[212108.13737423523,550796.8185253593],[212108.13794353162,550823.327309429]]]}"
"1174010700104250193","425-193대","1","111190","11740","0.01","68.88","1174010700","2024","강동구 암사동 425-193","강동구 구천면로57길 12-1","주택","7. 8.~7. 19. 호우","32.86276794","20240717","20240717","1","24","내수침수","2024","FL_CHIMWL_강동구_0708_0719","D:/김원상/침수흔적도/2024_침수흔적도_최종/강동구_0708_0719/FL_CHIMWL_강동구_0708_0719.shp","{""type"":""Polygon"",""coordinates"":[[[212169.90570507568,550130.1659574914],[212178.64771027883,550125.498137502],[212182.5675632052,550132.6031433486],[212192.55058000353,550126.6043543579],[212188.3767521308,550118.0833559101],[212178.00574605196,550123.6151424034],[212169.17074085254,550128.3289605085],[212169.90570507568,550130.1659574914]]]}"
"1174010800101740045","174-45대","1","113933","11740","0.01","61.07","1174010800","2024","강동구 성내동 174-45","강동구 천호대로168라길 4","주택","7. 8.~7. 19. 호우","17.60833717","20240717","20240717","1","24","내수침수","2024","FL_CHIMWL_강동구_0708_0719","D:/김원상/침수흔적도/2024_침수흔적도_최종/강동구_0708_0719/FL_CHIMWL_강동구_0708_0719.shp","{""type"":""Polygon"",""coordinates"":[[[211631.35684482398,548295.1351401694],[211632.38884206358,548294.79215971],[211630.3489630708,548288.3491789773],[211628.5760577779,548283.3941904836],[211619.58103776656,548289.0989981316],[211618.48903536424,548289.7899747909],[211621.31687161882,548298.474950085],[211631.35684482398,548295.1351401694]]]}"
"1174010800101740042","174-42대","1","115082","11740","0.01","51.66","1174010800","2024","강동구 성내동 174-42","강동구 천호대로168길 34-5","주택","7. 8.~7. 19. 호우","17.60833717","20240717","20240717","1","24","내수침수","2024","FL_CHIMWL_강동구_0708_0719","D:/김원상/침수흔적도/2024_침수흔적도_최종/강동구_0708_0719/FL_CHIMWL_강동구_0708_0719.shp","{""type"":""Polygon"",""coordinates"":[[[211627.26248544702,548319.3168771493],[211625.6235821254,548314.1738923616],[211624.6316406439,548311.0609015685],[211625.33763885932,548310.8199149853],[211624.71567487216,548308.909920416],[211610.76069184046,548314.8016460483],[211612.13963231162,548317.7846441771],[211614.8355073441,548324.1456362186],[211627.26248544702,548319.3168771493]]]}"
"1174010800101500020","150-20대","1","114760","11740","0.01","82.87","1174010800","2024","강동구 성내동 150-20","강동구 천호대로168가길 47-15","주택","7. 8.~7. 19. 호우","20.67658401","20240717","20240717","1","24","내수침수","2024","FL_CHIMWL_강동구_0708_0719","D:/김원상/침수흔적도/2024_침수흔적도_최종/강동구_0708_0719/FL_CHIMWL_강동구_0708_0719.shp","{""type"":""Polygon"",""coordinates"":[[[211437.33148686396,548413.6650277714],[211445.36648370445,548409.8641890713],[211437.718798383,548394.2741917263],[211434.96683733177,548393.2421554601],[211432.32181369897,548396.0140899976],[211431.20271456725,548402.6800176348],[211437.33148686396,548413.6650277714]]]}"
"1174010800101750029","175-29대","1","112869","11740","0.01","40.94","1174010800","2024","강동구 성내동 175-29","강동구 천호대로168길 30-16","주택","7. 8.~7. 19. 호우","18.05887772","20240717","20240717","1","24","내수침수","2024","FL_CHIMWL_강동구_0708_0719","D:/김원상/침수흔적도/2024_침수흔적도_최종/강동구_0708_0719/FL_CHIMWL_강동구_0708_0719.shp","{""type"":""Polygon"",""coordinates"":[[[211650.07242889507,548373.0858102385],[211650.31741914398,548373.5648103212],[211655.1414204554,548371.0859087643],[211660.37542189768,548368.3950155856],[211655.06861163618,548359.3410030584],[211645.5336041314,548364.5438060146],[211648.09350427022,548369.4248078807],[211648.17950425643,548369.3828096195],[211650.07242889507,548373.0858102385]]]}"
"1174010800103860033","386-33대","1","113167","11740","0.01","94.06","1174010800","2024","강동구 성내동 386-33","강동구 양재대로101길 51-25","주택","7. 8.~7. 19. 호우","17.3426931","20240717","20240717","1","24","내수침수","2024","FL_CHIMWL_강동구_0708_0719","D:/김원상/침수흔적도/2024_침수흔적도_최종/강동구_0708_0719/FL_CHIMWL_강동구_0708_0719.shp","{""type"":""Polygon"",""coordinates"":[[[211894.16404854367,548090.3400697745],[211896.90300682205,548091.5501043926],[211907.44198760824,548087.4973083707],[211902.6032304023,548074.9403318699],[211890.093253221,548079.7500897556],[211894.16404854367,548090.3400697745]]]}"
"1174010800101750011","175-11대","1","113505","11740","0.01","429.99","1174010800","2024","강동구 성내동 175-11","강동구 천호대로168길 30-19","주택","7. 8.~7. 19. 호우","18.05887772","20240717","20240717","1","24","내수침수","2024","FL_CHIMWL_강동구_0708_0719","D:/김원상/침수흔적도/2024_침수흔적도_최종/강동구_0708_0719/FL_CHIMWL_강동구_0708_0719.shp","{""type"":""Polygon"",""coordinates"":[[[211621.52275724,548367.0453959964],[211630.27075377983,548362.9095715935],[211624.65097119554,548352.3055665925],[211618.31100261412,548353.5214538152],[211615.11399692338,548355.461386162],[211621.52275724,548367.0453959964]]]}"
"1174010800102880022","288-22대","1","114212","11740","0.01","66.29","1174010800","2024","강동구 성내동 288-22","강동구 천호옛8길 33-4","주택","7. 8.~7. 19. 호우","16.67793823","20240717","20240717","1","24","내수침수","2024","FL_CHIMWL_강동구_0708_0719","D:/김원상/침수흔적도/2024_침수흔적도_최종/강동구_0708_0719/FL_CHIMWL_강동구_0708_0719.shp","{""type"":""Polygon"",""coordinates"":[[[211089.19737455968,548162.2804230413],[211083.95057825805,548152.3334188024],[211073.94956841267,548157.9152111621],[211079.260361749,548168.0132152097],[211089.19737455968,548162.2804230413]]]}"
"1174010800101650007","165-7대","1","114479","11740","0.01","62.72","1174010800","2024","강동구 성내동 165-7","강동구 천호대로168가길 18-6","주택","7. 8.~7. 19. 호우","20.39358688","20240717","20240717","1","24","내수침수","2024","FL_CHIMWL_강동구_0708_0719","D:/김원상/침수흔적도/2024_침수흔적도_최종/강동구_0708_0719/FL_CHIMWL_강동구_0708_0719.shp","{""type"":""Polygon"",""coordinates"":[[[211617.20306678757,548473.3624615337],[211619.55007928525,548471.4255153771],[211624.03809959572,548467.9426165303],[211624.18824760127,548458.7476937245],[211623.0673658762,548452.016730258],[211610.73838922806,548456.7074920253],[211611.7093408392,548459.2064874637],[211617.20306678757,548473.3624615337]]]}"
"1174010800100870008","87-8대","1","109455","11740","0.01","64.44","1174010800","2024","강동구 성내동 87-8","강동구 올림픽로60길 5-5","주택","7. 8.~7. 19. 호우","16.46311356","20240717","20240717","1","24","내수침수","2024","FL_CHIMWL_강동구_0708_0719","D:/김원상/침수흔적도/2024_침수흔적도_최종/강동구_0708_0719/FL_CHIMWL_강동구_0708_0719.shp","{""type"":""Polygon"",""coordinates"":[[[210852.94740928407,548462.621147412],[210858.30738698517,548461.3282448882],[210865.98835508234,548459.4723846003],[210864.2804782723,548452.7284117542],[210862.61448396693,548453.2063808371],[210862.02752995596,548450.6633920041],[210850.4155817236,548453.2511825635],[210852.94740928407,548462.621147412]]]}"
"1174010900102170046","217-46대","1","121411","11740","0.01","44.76","1174010900","2024","강동구 천호동 217-46","강동구 천중로27길 3-7","주택","7. 8.~7. 19. 호우","30.43144012","20240717","20240717","1","24","내수침수","2024","FL_CHIMWL_강동구_0708_0719","D:/김원상/침수흔적도/2024_침수흔적도_최종/강동구_0708_0719/FL_CHIMWL_강동구_0708_0719.shp","{""type"":""Polygon"",""coordinates"":[[[211898.75611936837,549377.4216794246],[211899.20133478413,549363.9327963963],[211886.82833926607,549369.8095476733],[211886.49022066448,549377.2824813832],[211898.75611936837,549377.4216794246]]]}"
"1174010900102070013","207-13대","1","123129","11740","0.01","67.84","1174010900","2024","강동구 천호동 207-13","강동구 성안로31다길 20","주택","7. 8.~7. 19. 호우","24.73027397","20240717","20240717","1","24","내수침수","2024","FL_CHIMWL_강동구_0708_0719","D:/김원상/침수흔적도/2024_침수흔적도_최종/강동구_0708_0719/FL_CHIMWL_강동구_0708_0719.shp","{""type"":""Polygon"",""coordinates"":[[[211855.82622461033,549145.9118657121],[211858.60318266298,549147.1149010167],[211861.0992572082,549141.2819889884],[211862.06428065192,549139.3580203094],[211850.0364735464,549133.4568730238],[211846.2103804518,549141.0937487825],[211855.82622461033,549145.9118657121]]]}"
"1174010900103820009","382-9대","1","123538","11740","0.01","46.39","1174010900","2024","강동구 천호동 382-9","강동구 구천면로33길 40-2","주택","7. 8.~7. 19. 호우","18.35593964","20240717","20240717","1","24","내수침수","2024","FL_CHIMWL_강동구_0708_0719","D:/김원상/침수흔적도/2024_침수흔적도_최종/강동구_0708_0719/FL_CHIMWL_강동구_0708_0719.shp","{""type"":""Polygon"",""coordinates"":[[[211397.2762309821,549250.3935711838],[211396.67231045713,549245.7975987808],[211396.19437609424,549241.9916219957],[211383.2264479613,549244.0163950091],[211385.34728713485,549252.8693573917],[211397.2762309821,549250.3935711838]]]}"
"1174010900101870007","187-7대","1","125005","11740","0.01","48.49","1174010900","2024","강동구 천호동 187-7","강동구 성안로31길 57-9","주택","7. 8.~7. 19. 호우","27.63392426","20240717","20240717","1","24","내수침수","2024","FL_CHIMWL_강동구_0708_0719","D:/김원상/침수흔적도/2024_침수흔적도_최종/강동구_0708_0719/FL_CHIMWL_강동구_0708_0719.shp","{""type"":""Polygon"",""coordinates"":[[[211772.28535556485,549056.1862392237],[211774.24240572262,549052.1233040444],[211782.10731773687,549053.6324194524],[211783.60130087336,549053.9284412999],[211785.09447540418,549042.434559036],[211775.506537572,549043.372395747],[211772.49137617432,549054.8142537251],[211770.23839216802,549054.949216052],[211770.15337256523,549056.1992045033],[211772.28535556485,549056.1862392237]]]}"
"1174010900103860010","386-10대","1","121662","11740","0.01","10.78","1174010900","2024","강동구 천호동 386-10","강동구 천중로18길 47","주택","7. 8.~7. 19. 호우","19.79689766","20240719","20240719","1","24","내수침수","2024","FL_CHIMWL_강동구_0708_0719","D:/김원상/침수흔적도/2024_침수흔적도_최종/강동구_0708_0719/FL_CHIMWL_강동구_0708_0719.shp","{""type"":""Polygon"",""coordinates"":[[[211465.86546297875,549263.5825772983],[211474.59643319214,549261.0737394531],[211472.1586273569,549250.3247873496],[211471.59966543972,549248.2567951055],[211462.0167043453,549250.627620243],[211462.85465217836,549253.4246110833],[211465.86546297875,549263.5825772983]]]}"
"1174010900103210047","321-47대","1","115807","11740","0.01","57.06","1174010900","2024","강동구 천호동 321-47","강동구 올림픽로89길 23","주택","7. 8.~7. 19. 호우","16.73129059","20240717","20240717","1","24","내수침수","2024","FL_CHIMWL_강동구_0708_0719","D:/김원상/침수흔적도/2024_침수흔적도_최종/강동구_0708_0719/FL_CHIMWL_강동구_0708_0719.shp","{""type"":""Polygon"",""coordinates"":[[[211058.13118040486,549791.9596565231],[211064.4311585543,549790.1687733859],[211065.46219641628,549787.3228132993],[211058.78240185554,549777.9927808479],[211051.94735798833,549784.0986201585],[211058.13118040486,549791.9596565231]]]}"
"1174010900103620044","362-44대","1","121621","11740","0.01","75.74","1174010900","2024","강동구 천호동 362-44","강동구 천중로16길 46-8","주택","7. 8.~7. 19. 호우","17.9301889","20240717","20240717","1","24","내수침수","2024","FL_CHIMWL_강동구_0708_0719","D:/김원상/침수흔적도/2024_침수흔적도_최종/강동구_0708_0719/FL_CHIMWL_강동구_0708_0719.shp","{""type"":""Polygon"",""coordinates"":[[[211324.4982005606,549288.4810797948],[211326.85816268733,549289.6401086726],[211338.07819037192,549282.3513501262],[211331.54738739782,549273.4623164585],[211319.63836057347,549281.0410614603],[211321.06831347808,549283.2310668471],[211324.4982005606,549288.4810797948]]]}"
"1174010900103610034","361-34대","1","121577","11740","0.01","61.89","1174010900","2024","강동구 천호동 361-34","강동구 천중로 60-14","주택","7. 8.~7. 19. 호우","17.38296677","20240719","20240719","1","24","내수침수","2024","FL_CHIMWL_강동구_0708_0719","D:/김원상/침수흔적도/2024_침수흔적도_최종/강동구_0708_0719/FL_CHIMWL_강동구_0708_0719.shp","{""type"":""Polygon"",""coordinates"":[[[211333.99843068534,549454.3988835294],[211347.05538314057,549450.8301245422],[211343.11963651958,549437.1791717684],[211330.4806818077,549440.6789380994],[211333.5854601391,549452.7898899191],[211333.99843068534,549454.3988835294]]]}"
"1132010500103160001","316-1대","1","85680","11320","0.3","215","1132010500","2024","도봉구 쌍문동 316-1","도봉구 노해로 174","상가","7. 26.~7. 27. 호우","51.87505798","20240727","20240727","1","13","내수침수","2024","FL_CHIMWL_도봉구_0726_0727","D:/김원상/침수흔적도/2024_침수흔적도_최종/도봉구_0726_0727/FL_CHIMWL_도봉구_0726_0727.shp","{""type"":""Polygon"",""coordinates"":[[[202488.547679387,561149.7601766671],[202491.4676782527,561148.350235775],[202490.60775579937,561144.0102577939],[202487.98799493795,561130.610326354],[202487.60805359783,561127.1903485422],[202487.41809543027,561124.7103660145],[202487.31811719845,561123.4203750908],[202487.0581966257,561118.6604103359],[202486.95821969394,561117.2904200694],[202486.3983485157,561109.6404744069],[202482.6783520126,561111.3104001504],[202467.34834664344,561119.4100840525],[202477.9580096054,561134.7901288203],[202482.45787027953,561141.0901496591],[202488.547679387,561149.7601766671]]]}"
"1132010600106450025","645-25 대","1","91330","11320","0.3","180","1132010600","2024","도봉구 방학동 645-25","도봉구 도봉로153길 51","상가","7. 26.~7. 27. 호우","26.63672905","20240727","20240727","1","13","내수침수","2024","FL_CHIMWL_도봉구_0726_0727","D:/김원상/침수흔적도/2024_침수흔적도_최종/도봉구_0726_0727/FL_CHIMWL_도봉구_0726_0727.shp","{""type"":""Polygon"",""coordinates"":[[[203576.90272982823,563364.499488252],[203579.0127469135,563362.3795401679],[203578.95301716786,563345.7896769188],[203565.56312814634,563345.7494595058],[203565.61282269057,563364.5093045719],[203576.90272982823,563364.499488252]]]}"
"1144012400102240018","224-18대","1","177504","11440","0.1","200.73","1144012400","2024","마포구 연남동 224-18","마포구 동교로 282","상가","7. 22.~7. 23. 호우","18.14371262","20240723","20240723","14","24","내수침수","2024","FL_CHIMWL_마포구_0722_0723","D:/김원상/침수흔적도/2024_침수흔적도_최종/마포구_0722_0723/FL_CHIMWL_마포구_0722_0723.shp","{""type"":""Polygon"",""coordinates"":[[[193526.78525137468,551632.2940726706],[193519.6054288562,551624.9340179326],[193513.29538727002,551630.7338683229],[193518.02526469226,551635.9339014735],[193522.905221721,551636.1139785761],[193526.78525137468,551632.2940726706]]]}"
"1144012400103840011","384-11대","1","178053","11440","0.1","30","1144012400","2024","마포구 연남동 384-11","마포구 동교로46길 24-5","상가","7. 22.~7. 23. 호우","14.89534435","20240723","20240723","18","24","내수침수","2024","FL_CHIMWL_마포구_0722_0723","D:/김원상/침수흔적도/2024_침수흔적도_최종/마포구_0722_0723/FL_CHIMWL_마포구_0722_0723.shp","{""type"":""Polygon"",""coordinates"":[[[193459.8094693517,551404.5048785646],[193472.9193918288,551402.6351051443],[193471.9395227312,551395.0051524837],[193459.13959577505,551396.9949299031],[193459.8094693517,551404.5048785646]]]}"
"1141011800100110804","11-804대","1","176836","11410","0.3","65.73","1141011800","2024","서대문구 홍은동 11-804","서대문구 홍은중앙로5길 24-28","주택","7. 8.~7. 19. 호우","43.93809967","20240717","20240717","15","24","내수침수","2024","FL_CHIMWL_서대문구_0708_0719","D:/김원상/침수흔적도/2024_침수흔적도_최종/서대문구_0708_0719/FL_CHIMWL_서대문구_0708_0719.shp","{""type"":""Polygon"",""coordinates"":[[[195322.94199492104,555507.9649326573],[195327.08200707933,555505.1010232501],[195332.4450075895,555502.3351327712],[195324.77017348015,555495.9720616305],[195315.84314037836,555502.5738627554],[195319.9979862667,555510.0018682348],[195322.94199492104,555507.9649326573]]]}"
"1129011700103310000","331대","1","132879","11290","0.1","118.19","1129011700","2024","성북구 동선동2가 331","성북구 보문로32길 102-12","주택","7. 8.~7. 19. 호우","47.93081","20240715","20240719","20","14","내수침수","2024","FL_CHIMWL_성북구_0708_0719","D:/김원상/침수흔적도/2024_침수흔적도_최종/성북구_0708_0719/FL_CHIMWL_성북구_0708_0719.shp","{""type"":""Polygon"",""coordinates"":[[[201939.72779359043,554512.7411431094],[201941.588900195,554505.2162352618],[201942.04792501588,554503.4512572405],[201941.18009200506,554493.5753245839],[201932.11115312052,554494.3821710942],[201928.12293773307,554509.7009802653],[201928.04593357237,554509.9969765766],[201939.72779359043,554512.7411431094]]]}"
"1129011800100650000","65대","1","129588","11290","0.1","46.3","1129011800","2024","성북구 동선동3가 65","성북구 동소문로26가길 37","주택","7. 8.~7. 19. 호우","53.03741","20240715","20240719","20","14","내수침수","2024","FL_CHIMWL_성북구_0708_0719","D:/김원상/침수흔적도/2024_침수흔적도_최종/성북구_0708_0719/FL_CHIMWL_성북구_0708_0719.shp","{""type"":""Polygon"",""coordinates"":[[[201861.3787435453,555049.5114491308],[201864.07672429664,555049.3364942657],[201869.32868796578,555048.9255827059],[201868.46186652596,555038.3366559924],[201860.14592273586,555039.0685152833],[201861.3787435453,555049.5114491308]]]}"
"1129011900102030001","203-1대","1","166543","11290","0.1","68.44","1129011900","2024","성북구 동선동4가 203-1","성북구 아리랑로4길 24","주택","7. 8.~7. 19. 호우","40.23147","20240715","20240719","20","14","내수침수","2024","FL_CHIMWL_성북구_0708_0719","D:/김원상/침수흔적도/2024_침수흔적도_최종/성북구_0708_0719/FL_CHIMWL_성북구_0708_0719.shp","{""type"":""Polygon"",""coordinates"":[[[201528.80136184933,555055.9340106761],[201537.6554083116,555048.5872146415],[201540.97142578446,555045.8312910702],[201534.73957654912,555039.6702409834],[201522.7695070249,555050.016961821],[201528.80136184933,555055.9340106761]]]}"
"1129013300101780066","178-66대","1","142855","11290","0.1","94.94","1129013300","2024","성북구 정릉동 178-66","성북구 정릉로31길 4-3","주택","7. 8.~7. 19. 호우","48.99486","20240715","20240719","20","14","내수침수","2024","FL_CHIMWL_성북구_0708_0719","D:/김원상/침수흔적도/2024_침수흔적도_최종/성북구_0708_0719/FL_CHIMWL_성북구_0708_0719.shp","{""type"":""Polygon"",""coordinates"":[[[201475.869376428,556008.1232951715],[201478.79627829694,556012.70130478],[201491.01429421836,556005.5365618434],[201484.5405099262,555995.4935399039],[201472.38549489866,556002.571284583],[201475.869376428,556008.1232951715]]]}"
"1129013300108330020","833-20임","1","138093","11290","0.1","86.28","1129013300","2024","성북구 정릉동 833-20","성북구 보국문로37길 43","주택","7. 8.~7. 19. 호우","114.72649","20240715","20240719","20","14","내수침수","2024","FL_CHIMWL_성북구_0708_0719","D:/김원상/침수흔적도/2024_침수흔적도_최종/성북구_0708_0719/FL_CHIMWL_성북구_0708_0719.shp","{""type"":""Polygon"",""coordinates"":[[[199864.85422153908,557389.7167811604],[199868.6762279902,557387.3788624095],[199875.12742131818,557372.166092812],[199868.01951710338,557369.856996825],[199864.7395902641,557367.0029673392],[199852.02374231012,557364.0647857463],[199851.3647489063,557363.9917756808],[199844.6546960236,557370.6626117972],[199847.14861290235,557374.5306201604],[199851.81162370116,557371.4977207772],[199854.8845235647,557376.1227322521],[199853.3364563279,557381.0606663063],[199864.85422153908,557389.7167811604]],[[199858.7036136743,557368.6198562081],[199870.41732861748,557380.2809493659],[199862.55832675303,557384.38378813],[199854.79558860976,557372.1507636943],[199858.7036136743,557368.6198562081]]]}"
"1129013300101510004","151-4대","1","139598","11290","0.1","29.75","1129013300","2024","성북구 정릉동 151-4","성북구 정릉로 266-3","주택","7. 8.~7. 19. 호우","43.50652","20240715","20240719","20","14","내수침수","2024","FL_CHIMWL_성북구_0708_0719","D:/김원상/침수흔적도/2024_침수흔적도_최종/성북구_0708_0719/FL_CHIMWL_성북구_0708_0719.shp","{""type"":""Polygon"",""coordinates"":[[[201122.88145176048,555996.8616711111],[201130.96448236864,555990.8798514161],[201124.80261447356,555985.8407932434],[201125.50162767223,555984.6718142191],[201123.32467133043,555983.0777921297],[201122.3956676245,555983.77677131],[201116.95164032228,555988.2186464636],[201114.96962768052,555990.0025996309],[201120.82851118888,555994.230659594],[201122.88145176048,555996.8616711111]]]}"
"1129013300100240007","24-7대","1","143897","11290","0.1","92.7","1129013300","2024","성북구 정릉동 24-7","성북구 동소문로35길 53","주택","7. 8.~7. 19. 호우","47.84857","20240715","20240719","20","14","내수침수","2024","FL_CHIMWL_성북구_0708_0719","D:/김원상/침수흔적도/2024_침수흔적도_최종/성북구_0708_0719/FL_CHIMWL_성북구_0708_0719.shp","{""type"":""Polygon"",""coordinates"":[[[201872.1032223529,555693.7453084163],[201872.69494675563,555710.4611800665],[201885.98787653734,555708.0754150822],[201885.04613831744,555692.3895292636],[201872.1032223529,555693.7453084163]]]}"
"1129013300109510002","951-2대","1","144466","11290","0.1","56.26","1129013300","2024","성북구 정릉동 951-2","성북구 정릉로6가길 51","주택","7. 8.~7. 19. 호우","110.74494","20240715","20240719","20","14","내수침수","2024","FL_CHIMWL_성북구_0708_0719","D:/김원상/침수흔적도/2024_침수흔적도_최종/성북구_0708_0719/FL_CHIMWL_성북구_0708_0719.shp","{""type"":""Polygon"",""coordinates"":[[[199423.24881895856,556588.499263243],[199428.47286938265,556582.7323955117],[199421.3660337171,556576.184334675],[199415.71623000456,556566.9223198749],[199405.0793057448,556567.6401417773],[199410.0391023546,556577.6911388785],[199423.24881895856,556588.499263243]]]}"
"1129013300108400029","840-29대","1","136622","11290","0.1","66.45","1129013300","2024","성북구 정릉동 840-29","성북구 보국문로29바길 31-8","주택","7. 8.~7. 19. 호우","141.52757","20240715","20240719","20","14","내수침수","2024","FL_CHIMWL_성북구_0708_0719","D:/김원상/침수흔적도/2024_침수흔적도_최종/성북구_0708_0719/FL_CHIMWL_성북구_0708_0719.shp","{""type"":""Polygon"",""coordinates"":[[[199809.72882238837,557195.2934979209],[199808.56799282588,557185.3555613821],[199807.31398669485,557186.3705326777],[199806.97492021712,557190.6484917765],[199797.96000104272,557190.2303492703],[199793.4400497685,557189.5142820128],[199793.14203336916,557190.6782675484],[199789.76906977402,557190.1412173815],[199787.79394263544,557198.9961121057],[199803.2147514957,557202.9773288446],[199805.6388728908,557194.2494403383],[199809.72882238837,557195.2934979209]]]}"
"1129013300200870299","산87-299임","1","392449","11290","0.1","21.5","1129013300","2024","성북구 정릉동 산87-299","성북구 정릉로6길 41-8","주택","7. 8.~7. 19. 호우","101.36759","20240715","20240719","20","14","내수침수","2024","FL_CHIMWL_성북구_0708_0719","D:/김원상/침수흔적도/2024_침수흔적도_최종/성북구_0708_0719/FL_CHIMWL_성북구_0708_0719.shp","{""type"":""Polygon"",""coordinates"":[[[199393.21971440635,556733.7795749347],[199393.47068695072,556735.348566013],[199395.17759584647,556740.11155422],[199395.98558239636,556740.5325638156],[199409.2373618402,556747.4347211818],[199409.31421799623,556756.2836491913],[199407.577112566,556763.679559861],[199421.9121031358,556756.9868472767],[199424.0630880891,556756.8248834332],[199430.7850641767,556754.8910082409],[199435.90702705778,556754.58509368],[199447.19009863393,556744.4363603012],[199461.65997484548,556744.7415919896],[199467.0219251726,556745.089675896],[199471.87490057503,556744.1467622521],[199483.44483587236,556742.272965035],[199488.78778682393,556742.5920488794],[199489.4317835898,556742.4650603539],[199493.22379185667,556740.0301418843],[199494.6747907492,556739.3621708979],[199500.32780138537,556735.8362915801],[199505.35280934905,556732.7943980925],[199514.37977000425,556730.6445619996],[199516.539767333,556729.7136046635],[199487.98797840255,556731.161130531],[199461.16217895996,556732.3826862108],[199443.85933372256,556731.6014126083],[199433.86915891492,556747.4721195609],[199393.21971440635,556733.7795749347]]]}"
"1129013300101410009","141-9대","1","171734","11290","0.1","64.79","1129013300","2024","성북구 정릉동 141-9","성북구 정릉로26길 58","주택","7. 8.~7. 19. 호우","44.74785","20240715","20240719","20","14","내수침수","2024","FL_CHIMWL_성북구_0708_0719","D:/김원상/침수흔적도/2024_침수흔적도_최종/성북구_0708_0719/FL_CHIMWL_성북구_0708_0719.shp","{""type"":""Polygon"",""coordinates"":[[[201125.95178684898,555912.8584145912],[201132.0526185584,555920.1634530609],[201132.31361912348,555919.9964586662],[201140.04564634766,555914.4016300893],[201144.20267631605,555910.4467300689],[201144.95371376871,555907.7537644706],[201141.3437810704,555905.4247252396],[201136.56983872203,555904.2806573807],[201136.29484149395,555904.2486531893],[201136.1738042542,555906.6096317335],[201125.95178684898,555912.8584145912]]]}"
"1129013600100600025","60-25대","1","173738","11290","0.1","50.08","1129013600","2024","성북구 하월곡동 60-25","성북구 오패산로8길 15-2","주택","7. 8.~7. 19. 호우","30.49973","20240715","20240719","20","14","내수침수","2024","FL_CHIMWL_성북구_0708_0719","D:/김원상/침수흔적도/2024_침수흔적도_최종/성북구_0708_0719/FL_CHIMWL_성북구_0708_0719.shp","{""type"":""Polygon"",""coordinates"":[[[203333.86897849364,556204.5107848849],[203341.30800034112,556199.4079475774],[203335.0431939048,556190.630918378],[203327.7781752233,556195.4507608383],[203328.02916464081,556195.9767605733],[203333.86897849364,556204.5107848849]]]}"
"1129013600100600069","60-69대","1","157447","11290","0.1","38.06","1129013600","2024","성북구 하월곡동 60-69","성북구 오패산로8길 17","주택","7. 8.~7. 19. 호우","30.49973","20240715","20240719","20","14","내수침수","2024","FL_CHIMWL_성북구_0708_0719","D:/김원상/침수흔적도/2024_침수흔적도_최종/성북구_0708_0719/FL_CHIMWL_성북구_0708_0719.shp","{""type"":""Polygon"",""coordinates"":[[[203341.30800034112,556199.4079475774],[203346.5030173543,556195.7360620905],[203347.70502424802,556194.7040900885],[203341.519212254,556186.2300596728],[203335.0431939048,556190.630918378],[203341.30800034112,556199.4079475774]]]}"
"1129013600100470044","47-44대","1","172662","11290","0.1","94.04","1129013600","2024","성북구 하월곡동 47-44","성북구 화랑로5길 4-10","주택","7. 8.~7. 19. 호우","25.11548","20240715","20240719","20","14","내수침수","2024","FL_CHIMWL_성북구_0708_0719","D:/김원상/침수흔적도/2024_침수흔적도_최종/성북구_0708_0719/FL_CHIMWL_성북구_0708_0719.shp","{""type"":""Polygon"",""coordinates"":[[[203467.9273619045,555928.1482369774],[203476.71320998913,555933.0853387254],[203484.40234799244,555920.6925655482],[203478.1785247753,555912.9285286359],[203476.5285483067,555912.3095069906],[203467.9273619045,555928.1482369774]]]}"
"1129013600100290116","29-116대","1","155075","11290","0.1","55.08","1129013600","2024","성북구 하월곡동 29-116","성북구 화랑로5길 26-7","주택","7. 8.~7. 19. 호우","25.7673","20240715","20240719","20","14","내수침수","2024","FL_CHIMWL_성북구_0708_0719","D:/김원상/침수흔적도/2024_침수흔적도_최종/성북구_0708_0719/FL_CHIMWL_성북구_0708_0719.shp","{""type"":""Polygon"",""coordinates"":[[[203475.20176198854,556023.1655716368],[203487.07771107397,556020.3127877091],[203485.26083811154,556013.3938152867],[203473.5768765092,556016.9215967668],[203475.20176198854,556023.1655716368]]]}"
"1129013600100840031","84-31대","1","176190","11290","0.1","61.56","1129013600","2024","성북구 하월곡동 84-31","성북구 월계로8길 51","주택","7. 8.~7. 19. 호우","28.0545","20240715","20240719","20","14","내수침수","2024","FL_CHIMWL_성북구_0708_0719","D:/김원상/침수흔적도/2024_침수흔적도_최종/성북구_0708_0719/FL_CHIMWL_성북구_0708_0719.shp","{""type"":""Polygon"",""coordinates"":[[[202948.42347926655,556491.629167223],[202949.7235119677,556488.9552103609],[202951.67557131423,556484.308280354],[202940.9307461633,556478.9501503614],[202938.72868750134,556483.6810756287],[202937.56264370203,556486.9720295661],[202948.42347926655,556491.629167223]]]}"
"1129013800102380475","238-475대","1","163911","11290","0.1","61.68","1129013800","2024","성북구 장위동 238-475","성북구 장월로18길 17","주택","7. 8.~7. 19. 호우","27.70872","20240715","20240719","20","14","내수침수","2024","FL_CHIMWL_성북구_0708_0719","D:/김원상/침수흔적도/2024_침수흔적도_최종/성북구_0708_0719/FL_CHIMWL_성북구_0708_0719.shp","{""type"":""Polygon"",""coordinates"":[[[204354.3150734334,557286.6874128878],[204362.95400887876,557286.3075562235],[204363.4250381101,557284.2685806864],[204364.93212841073,557277.9436573136],[204366.07618973128,557273.5877118112],[204354.07527916055,557274.1305125696],[204354.3150734334,557286.6874128878]]]}"
"1129013800100750330","75-330대","1","158701","11290","0.1","39.14","1129013800","2024","성북구 장위동 75-330","성북구 돌곶이로 153","주택","7. 8.~7. 19. 호우","21.83527","20240715","20240719","20","14","내수침수","2024","FL_CHIMWL_성북구_0708_0719","D:/김원상/침수흔적도/2024_침수흔적도_최종/성북구_0708_0719/FL_CHIMWL_성북구_0708_0719.shp","{""type"":""Polygon"",""coordinates"":[[[204535.48433421284,557302.4782229889],[204540.3612177576,557307.1942632459],[204555.61529358895,557294.8286128131],[204554.40029639224,557295.2685894618],[204542.9223190166,557299.6633669246],[204535.48433421284,557302.4782229889]]]}"
"1129013800102300248","230-248 대","1","176760","11290","0.1","59.73","1129013800","2024","성북구 장위동 230-248","성북구 장위로 33-9","주택","7. 8.~7. 19. 호우","63.87607","20240715","20240719","20","14","내수침수","2024","FL_CHIMWL_성북구_0708_0719","D:/김원상/침수흔적도/2024_침수흔적도_최종/성북구_0708_0719/FL_CHIMWL_성북구_0708_0719.shp","{""type"":""Polygon"",""coordinates"":[[[203589.8840890296,557240.079393926],[203597.3988014212,557254.0154008224],[203605.56379519455,557250.276564138],[203607.4408426111,557246.405626537],[203601.45809267374,557234.0106317722],[203589.8840890296,557240.079393926]]]}"
"1129013800102380500","238-500대","1","167897","11290","0.1","35.5","1129013800","2024","성북구 장위동 238-500","성북구 장월로 111-1","상가","7. 8.~7. 19. 호우","27.98889","20240715","20240719","20","14","내수침수","2024","FL_CHIMWL_성북구_0708_0719","D:/김원상/침수흔적도/2024_침수흔적도_최종/성북구_0708_0719/FL_CHIMWL_성북구_0708_0719.shp","{""type"":""Polygon"",""coordinates"":[[[204258.50644017884,557374.0471373874],[204258.95742684783,557374.6411398054],[204271.76043025605,557367.9714026084],[204271.19145189054,557366.9254020017],[204270.5274862579,557365.1424059352],[204267.56065420722,557356.2894308193],[204251.8616494879,557364.5011083004],[204258.50644017884,557374.0471373874]]]}"
"1129013800100540004","54-4대","1","163022","11290","0.1","66.65","1129013800","2024","성북구 장위동 54-4","성북구 한천로83길 25","주택","7. 8.~7. 19. 호우","18.68757","20240715","20240719","20","14","내수침수","2024","FL_CHIMWL_성북구_0708_0719","D:/김원상/침수흔적도/2024_침수흔적도_최종/성북구_0708_0719/FL_CHIMWL_성북구_0708_0719.shp","{""type"":""Polygon"",""coordinates"":[[[205180.15733562945,557039.0238594604],[205181.03633196207,557038.8068755177],[205182.20830590403,557039.8218861774],[205188.28438001213,557032.1950476705],[205179.01857489205,557024.8579577135],[205172.62349944992,557032.7277890428],[205180.15733562945,557039.0238594604]]]}"
"1129013800100890019","89-19대","1","161391","11290","0.1","101.64","1129013800","2024","성북구 장위동 89-19","성북구 장위로45길 2-21","주택","7. 8.~7. 19. 호우","19.88701","20240715","20240719","20","14","내수침수","2024","FL_CHIMWL_성북구_0708_0719","D:/김원상/침수흔적도/2024_침수흔적도_최종/성북구_0708_0719/FL_CHIMWL_성북구_0708_0719.shp","{""type"":""Polygon"",""coordinates"":[[[204799.6554149506,557349.132126215],[204800.3064410637,557347.1951527556],[204803.0333939962,557348.7201844485],[204805.50138241405,557348.1892288876],[204807.9984649335,557341.8463217267],[204809.10949156707,557339.6453579105],[204801.15864100502,557334.4472717085],[204795.40477195696,557329.2802209103],[204793.76275682895,557331.0401797462],[204787.95171195,557336.7350384564],[204788.64968802792,557337.8570405334],[204791.96959551197,557341.8830612258],[204793.02457022472,557342.9090698899],[204794.66953950925,557343.9720878304],[204794.08351908118,557345.5260655043],[204799.6554149506,557349.132126215]]]}"
"1129013900102610098","261-98대","1","168188","11290","0.1","102.91","1129013900","2024","성북구 석관동 261-98","성북구 돌곶이로11길 28-17","주택","7. 8.~7. 19. 호우","19.39445","20240715","20240719","20","14","내수침수","2024","FL_CHIMWL_성북구_0708_0719","D:/김원상/침수흔적도/2024_침수흔적도_최종/성북구_0708_0719/FL_CHIMWL_성북구_0708_0719.shp","{""type"":""Polygon"",""coordinates"":[[[205178.6734674291,556415.5209720953],[205181.88550485508,556411.5970565483],[205184.54558906239,556405.0681534905],[205186.55965628827,556399.9112286528],[205187.15966555144,556399.0382455802],[205177.71385496156,556392.1241492167],[205174.29779263874,556397.6850479756],[205169.90971126084,556404.9099172547],[205174.81762880305,556407.5189754252],[205172.73156531446,556412.4819006922],[205178.6734674291,556415.5209720953]]]}"
"1129011100100110187","11-187대","1","133335","11290","0.1","79.65","1129011100","2024","성북구 삼선동1가 11-187","성북구 삼선교로4길 46","주택","7. 22.~7. 23. 호우","64.75959167","20240722","20240723","16","14","내수침수","2024","FL_CHIMWL_성북구_0722_0723","D:/김원상/침수흔적도/2024_침수흔적도_최종/성북구_0722_0723/FL_CHIMWL_성북구_0722_0723.shp","{""type"":""Polygon"",""coordinates"":[[[200616.6054670793,554027.8027266659],[200627.26134466738,554029.978881109],[200630.96456612463,554014.4150693652],[200620.4706710174,554013.239909286],[200616.6054670793,554027.8027266659]]]}"
"1129011100100110002","11-2대","1","166116","11290","0.1","100.67","1129011100","2024","성북구 삼선동1가 11-2","성북구 삼선교로2길 7-4","주택","7. 22.~7. 23. 호우","54.57564316","20240722","20240723","16","14","내수침수","2024","FL_CHIMWL_성북구_0722_0723","D:/김원상/침수흔적도/2024_침수흔적도_최종/성북구_0722_0723/FL_CHIMWL_성북구_0722_0723.shp","{""type"":""Polygon"",""coordinates"":[[[200504.58595323976,554239.8861651841],[200510.15391778396,554239.2602604278],[200517.54180323557,554242.6023523815],[200520.05882087207,554240.2384126039],[200520.96990709097,554234.4474751119],[200528.86182813274,554235.3345954752],[200542.1186464693,554239.8557726571],[200543.6996897884,554236.3778269257],[200545.50771715902,554233.7708776789],[200550.002734083,554230.4499777931],[200557.7487189749,554227.4641277407],[200562.11472480846,554224.8942195792],[200563.5957351862,554223.5032550143],[200564.9187626942,554221.1332959651],[200565.7297966411,554218.6243297819],[200547.63898265985,554216.2800564375],[200546.39495534752,554218.5980171901],[200539.2750427522,554216.7979168483],[200528.8091823628,554213.4637750273],[200528.84518831444,554213.0777787952],[200512.36441128602,554207.6345570638],[200512.7752464159,554217.6184813557],[200511.84321564235,554219.9924466956],[200509.845199453,554222.0043977747],[200492.0062833309,554225.8470774768],[200490.9282511002,554228.3850390981],[200491.51720876788,554230.704029496],[200504.58595323976,554239.8861651841]]]}"
"1129011100100110168","11-168대","1","133169","11290","0.1","67.21","1129011100","2024","성북구 삼선동1가 11-168","성북구 삼선교로4길 36","주택","7. 22.~7. 23. 호우","64.75959167","20240722","20240723","16","14","내수침수","2024","FL_CHIMWL_성북구_0722_0723","D:/김원상/침수흔적도/2024_침수흔적도_최종/성북구_0722_0723/FL_CHIMWL_성북구_0722_0723.shp","{""type"":""Polygon"",""coordinates"":[[[200599.4028734941,554073.2010739729],[200604.60381107597,554074.4281479935],[200615.85467602187,554077.0843081085],[200617.67980282268,554068.3224098905],[200607.10192772324,554065.953258301],[200602.5339806248,554064.9941923092],[200599.4028734941,554073.2010739729]]]}"
"1129012100100470004","47-4대","1","176667","11290","0.1","39.61","1129012100","2024","성북구 안암동1가 47-4","성북구 고려대로11길 74","주택","7. 22.~7. 23. 호우","29.5147625","20240722","20240723","16","14","내수침수","2024","FL_CHIMWL_성북구_0722_0723","D:/김원상/침수흔적도/2024_침수흔적도_최종/성북구_0722_0723/FL_CHIMWL_성북구_0722_0723.shp","{""type"":""Polygon"",""coordinates"":[[[201786.75080277905,554404.1555612644],[201797.1857329964,554403.1937381322],[201797.0567690514,554401.0317538639],[201796.91778972384,554399.8247615593],[201797.91079050463,554399.2747821677],[201795.07389796842,554394.0697791378],[201788.79186480667,554399.2926343866],[201786.75080277905,554404.1555612644]]]}"
"1129013800102380207","238-207 대","1","134155","11290","0.1","112.03","1129013800","2024","성북구 장위동 238-207","성북구 장위로37길 8","상가","7. 22.~7. 23. 호우","29.67494354","20240722","20240723","16","14","내수침수","2024","FL_CHIMWL_성북구_0722_0723","D:/김원상/침수흔적도/2024_침수흔적도_최종/성북구_0722_0723/FL_CHIMWL_성북구_0722_0723.shp","{""type"":""Polygon"",""coordinates"":[[[204474.54003386592,557105.2358604795],[204466.3311504442,557102.1917523623],[204463.1280396545,557110.6346307539],[204459.65392785103,557119.2765031162],[204464.75278350164,557125.6005337106],[204476.06357993613,557132.4406608675],[204480.80972983417,557120.8098338026],[204481.44275502945,557118.9378595136],[204472.4108831291,557115.5987404707],[204476.24600964715,557105.8678829526],[204474.54003386592,557105.2358604795]]]}"
"1129013800100760264","76-264대","1","161847","11290","0.1","137.57","1129013800","2024","성북구 장위동 76-264","성북구 돌곶이로32길 14","주택","7. 22.~7. 23. 호우","20.85562668","20240722","20240723","16","14","내수침수","2024","FL_CHIMWL_성북구_0722_0723","D:/김원상/침수흔적도/2024_침수흔적도_최종/성북구_0722_0723/FL_CHIMWL_성북구_0722_0723.shp","{""type"":""Polygon"",""coordinates"":[[[204630.29055878636,557364.0602539214],[204638.42963954824,557354.9794609223],[204632.1837898371,557348.8694099301],[204628.27387757154,557345.4353747858],[204620.0657950832,557354.6571655017],[204630.29055878636,557364.0602539214]]]}"
"1129013800102380036","238-36대","1","178115","11290","0.1","99.68","1129013800","2024","성북구 장위동 238-36","성북구 장월로16길 28","주택","7. 22.~7. 23. 호우","31.62308083","20240722","20240723","16","14","내수침수","2024","FL_CHIMWL_성북구_0722_0723","D:/김원상/침수흔적도/2024_침수흔적도_최종/성북구_0722_0723/FL_CHIMWL_성북구_0722_0723.shp","{""type"":""Polygon"",""coordinates"":[[[204380.36735033628,557194.8565930962],[204390.93514995463,557201.874706717],[204392.05014670375,557201.5127277954],[204392.390150603,557201.1007367136],[204401.58923275975,557191.3979660234],[204401.42423782445,557191.1689652354],[204392.20945624195,557182.3568883679],[204382.4343707384,557192.5566456104],[204380.36735033628,557194.8565930962]]]}"
"1129013800100680099","68-99 대","1","180952","11290","0.1","132.8","1129013800","2024","성북구 장위동 68-99","성북구 장위로38길 50-1","상가","7. 22.~7. 23. 호우","23.35099945","20240722","20240723","16","14","내수침수","2024","FL_CHIMWL_성북구_0722_0723","D:/김원상/침수흔적도/2024_침수흔적도_최종/성북구_0722_0723/FL_CHIMWL_성북구_0722_0723.shp","{""type"":""Polygon"",""coordinates"":[[[204513.4220914977,556835.5657148644],[204517.62808267373,556833.9887961163],[204519.4961863241,556826.658886853],[204509.65131093544,556823.9427494878],[204507.47833358365,556823.6427166981],[204496.78446693014,556820.8165664664],[204496.1524746475,556820.659557505],[204493.8103342329,556830.4944384256],[204505.25919432045,556833.3446007109],[204513.4220914977,556835.5657148644]]]}"
"1129013800102380073","238-73대","1","159890","11290","0.1","148.57","1129013800","2024","성북구 장위동 238-73","성북구 장위로41길 27","주택","7. 22.~7. 23. 호우","21.83527145","20240722","20240723","16","14","내수침수","2024","FL_CHIMWL_성북구_0722_0723","D:/김원상/침수흔적도/2024_침수흔적도_최종/성북구_0722_0723/FL_CHIMWL_성북구_0722_0723.shp","{""type"":""Polygon"",""coordinates"":[[[204526.1981213601,557258.6584336564],[204535.23291518018,557266.8065130962],[204536.60790783723,557266.5655374003],[204537.09591481334,557265.8895508938],[204549.74803195248,557252.2908683909],[204540.6052468679,557243.6587911879],[204537.06421665015,557247.3067036349],[204526.1981213601,557258.6584336564]]]}"
"1129013800100680976","68-976대","1","168665","11290","0.1","56.88","1129013800","2024","성북구 장위동 68-976","성북구 화랑로19가길 9-27","주택","7. 22.~7. 23. 호우","27.85123596","20240722","20240723","16","14","내수침수","2024","FL_CHIMWL_성북구_0722_0723","D:/김원상/침수흔적도/2024_침수흔적도_최종/성북구_0722_0723/FL_CHIMWL_성북구_0722_0723.shp","{""type"":""Polygon"",""coordinates"":[[[204332.06237751723,556662.8471959296],[204333.6824733133,556656.1252776282],[204332.13949377293,556655.6422565734],[204332.03448840088,556656.0262517061],[204331.17252642458,556654.1172534565],[204331.0915436504,556653.0962605602],[204321.52765958276,556650.7731245408],[204319.2225494698,556658.7230216037],[204319.1315340241,556659.7210119003],[204330.3823971497,556662.4841716653],[204332.06237751723,556662.8471959296]]]}"
"1129013900101320029","132-29대","1","160603","11290","0.1","12.69","1129013900","2024","성북구 석관동 132-29","성북구 한천로76나길 21-14","주택","7. 22.~7. 23. 호우","17.54902039","20240722","20240723","16","14","내수침수","2024","FL_CHIMWL_성북구_0722_0723","D:/김원상/침수흔적도/2024_침수흔적도_최종/성북구_0722_0723/FL_CHIMWL_성북구_0722_0723.shp","{""type"":""Polygon"",""coordinates"":[[[205798.91326059488,557039.9878979437],[205799.40828083947,557038.4919183039],[205801.96839164098,557030.3790267045],[205790.68953960575,557026.9448718342],[205787.80340892953,557036.4457467085],[205798.91326059488,557039.9878979437]]]}"
"1138010100100760031","76-31대","1","226040","11380","0.5","16.5","1138010100","2024","은평구 수색동 76-31","은평구 수색로 224","상가","7. 8.~7. 19. 호우","13.85300636","20240717","20240717","9","14","내수침수","2024","FL_CHIMWL_은평구_0708_0719","D:/김원상/침수흔적도/2024_침수흔적도_최종/은평구_0708_0719/FL_CHIMWL_은평구_0708_0719.shp","{""type"":""Polygon"",""coordinates"":[[[191054.05646127355,553441.74925971],[191057.50647275557,553439.2693358383],[191062.54647676827,553436.4394404702],[191069.65651537167,553430.400605075],[191070.71651743414,553429.7296277084],[191070.85652529518,553429.1696346106],[191072.2766135463,553422.9597090398],[191069.65660552363,553424.7996515854],[191065.8765925746,553427.5395679837],[191067.29661805337,553425.2296100255],[191066.0966448434,553424.1795994296],[191066.43664863912,553423.7696083073],[191065.59666393202,553423.249599103],[191053.09661758924,553432.5293208229],[191053.87659152405,553433.7493232486],[191056.18651904515,553437.0693328632],[191052.99649704914,553440.0692565984],[191054.05646127355,553441.74925971]]]}"
"1138010300102300013","230-13대","1","193104","11380","0.1","54.66","1138010300","2024","은평구 불광동 230-13","은평구 불광로13길 24","주택","7. 8.~7. 19. 호우","39.79824219","20240718","20240718","15","24","내수침수","2024","FL_CHIMWL_은평구_0708_0719","D:/김원상/침수흔적도/2024_침수흔적도_최종/은평구_0708_0719/FL_CHIMWL_은평구_0708_0719.shp","{""type"":""Polygon"",""coordinates"":[[[193943.4763927026,557550.3216962989],[193943.41640498536,557549.591701399],[193938.2467198834,557532.7317581702],[193937.13673292345,557532.4917422433],[193917.67676199897,557540.6413602289],[193924.54643807202,557557.1913334834],[193938.8064520865,557549.0316316208],[193943.4763927026,557550.3216962989]]]}"